{
    "timestamp": "2025-03-30 19:57:09",
    "cash": 99393.71626521874,
    "position": 10,
    "portfolio_value": 100678.08256770897
}