{
    "timestamp": "2025-03-30 19:48:12",
    "cash": 99586.08280231176,
    "position": 10,
    "portfolio_value": 100870.44956256567
}